"name","artist","description"
"Make You Mine","PUBLIC","A bubbly indie-pop anthem with retro flair, capturing the thrill of young love. Its upbeat tempo and catchy chorus make it perfect for dancing and feeling uplifted."
"Better Days","NEIKED, Mae Muller, Polo G","A hopeful pop track blending smooth vocals with rap verses, emphasizing resilience and optimism. Its rhythmic beat encourages light dancing and positive vibes."
"Taarif Karoon Kya Uski","Mohammed Rafi","A classic Bollywood romantic tune, exuding charm and admiration. The melodic flow and expressive lyrics evoke feelings of nostalgia and warmth."
"Two Of Us","The Beatles","A gentle folk-rock ballad reflecting companionship and shared memories. Its acoustic arrangement and harmonious vocals create a soothing, introspective atmosphere."
"Twist And Shout","The Beatles","An energetic rock 'n' roll classic that compels listeners to dance. Its raw vocals and lively rhythm embody youthful exuberance and fun."
"If I Fell","The Beatles","A tender love song with intricate harmonies, exploring vulnerability and trust. Its soft melody invites contemplation and emotional connection."
"Lady Madonna","The Beatles","A boogie-woogie inspired track celebrating hardworking women. Its upbeat piano and catchy rhythm make it danceable and spirited."
"I've Got A Feeling","The Beatles","A fusion of rock and blues expressing emotional highs and lows. Its dynamic structure and passionate delivery evoke a sense of catharsis."
"A Hard Day's Night","The Beatles","A vibrant rock tune capturing the relief of returning home after work. Its jangly guitar and lively tempo encourage dancing and joy."
"Hello, Goodbye","The Beatles","A playful pop song about contradictions and communication. Its cheerful melody and repetitive lyrics create an infectious, dance-friendly vibe."
"Tuyo (Narcos Theme)","Rodrigo Amarante","A romantic bolero with a haunting melody, conveying passion and mystery. Its Latin rhythm and emotive vocals evoke deep emotions and intrigue."
"Here Comes The Sun","The Beatles","An uplifting folk-pop song symbolizing hope and renewal. Its bright acoustic guitar and warm vocals inspire happiness and relaxation."
"Back In The U.S.S.R.","The Beatles","A rock 'n' roll parody with surf rock elements, expressing excitement and satire. Its driving beat and energetic delivery are dance-inducing."
"One Way Or Another","Blondie","A punk-infused rock track with themes of pursuit and obsession. Its gritty guitar riffs and assertive vocals create an edgy, danceable feel."
"Dance The Night","Dua Lipa","A disco-pop anthem from the 'Barbie' soundtrack, blending upbeat rhythms with emotional depth. Its groovy basslines and shimmering production invite dance-crying sessions."
"Dusk Till Dawn","ZAYN, Sia","A dramatic pop ballad about unwavering love. Its soaring vocals and cinematic arrangement evoke intense emotions and contemplation."
"My Heart Will Go On","Celine Dion","An iconic love ballad symbolizing eternal devotion. Its sweeping melody and powerful vocals stir deep feelings and reflection."
"Cherry Wine (Live)","Hozier","A poignant acoustic track addressing complex relationships. Its gentle guitar and heartfelt lyrics create an intimate, melancholic mood."
"Kya Hua Tera Vada","Mohammed Rafi","A soulful Bollywood song lamenting broken promises. Its emotive vocals and melodic tune evoke sorrow and nostalgia."
"Thrift Shop","Macklemore & Ryan Lewis","A humorous hip-hop track celebrating thrift shopping. Its catchy hook and funky beat make it a fun, danceable anthem."
"Can't Hold Us","Macklemore & Ryan Lewis, Ray Dalton","An energetic hip-hop anthem about perseverance. Its rapid-fire lyrics and uplifting chorus drive motivation and movement."
"Something","The Beatles","A romantic ballad with a smooth melody, expressing deep affection. Its gentle guitar and sincere vocals create a dreamy, loving atmosphere."
"Tokyo Drift","Teriyaki Boyz","A high-octane hip-hop track with electronic elements, exuding confidence and adrenaline. Its fast-paced rhythm is perfect for intense dancing."
"Holiday Road","Lindsey Buckingham","A cheerful rock song associated with travel and adventure. Its upbeat tempo and catchy chorus evoke a sense of freedom and fun."
"Seek Bromance","Tim Berg (Avicii)","A progressive house track blending melodic synths with emotional undertones. Its steady beat and uplifting vibe encourage dancing and euphoria."
"Fade Into Darkness","Avicii","A melodic house track with introspective lyrics, balancing melancholy and hope. Its smooth transitions and rhythmic beats invite reflective dancing."
"Likhe Jo Khat Tujhe","Mohammed Rafi","A heartfelt Bollywood song expressing love through letters. Its soothing melody and tender vocals evoke nostalgia and warmth."
"Let It Be","The Beatles","A serene piano ballad offering comfort in times of trouble. Its simple melody and reassuring lyrics promote peace and contemplation."
"The Bitch Is Back","Elton John","A bold rock track with rebellious energy. Its brassy instrumentation and assertive lyrics make it empowering and dance-worthy."
"Danger Zone","Kenny Loggins","An electrifying rock song synonymous with action and thrill. Its driving rhythm and intense vocals fuel excitement and movement."
"Another One Bites The Dust","Queen","A funk-rock track with a pulsating bassline, exuding coolness and determination. Its groove makes it a staple for dancing and confidence."
"Uptown Funk","Mark Ronson, Bruno Mars","A modern funk-pop hit with retro vibes, celebrating style and swagger. Its infectious rhythm and catchy lyrics compel dancing and joy."
"I Want To Hold Your Hand","The Beatles","A cheerful pop-rock song expressing youthful desire. Its upbeat tempo and harmonious vocals create an atmosphere of happiness and dance."
"Don't Stop Me Now","Queen","An exuberant rock anthem about living life to the fullest. Its fast-paced piano and spirited vocals inspire energetic dancing and elation."
"Venom","Eminem","A rapid-fire rap track with aggressive lyrics, reflecting inner turmoil. Its intense beat and dynamic flow evoke tension and empowerment."
"Yesterday","The Beatles","A melancholic ballad about lost love. Its gentle acoustic guitar and sorrowful vocals invite introspection and emotional resonance."
